{
  "normal": {
    "count": 1500,
    "mean": {
      "width": 885.232,
      "height": 836.7553333333333,
      "aspect_ratio": 1.0389890666545925,
      "total_pixels": 910014.5373333333,
      "file_size_kb": 168.80458658854167,
      "mean_r": 128.6784915212203,
      "mean_g": 128.6784915212203,
      "mean_b": 128.6784915212203,
      "std_r": 61.613665559374496,
      "std_g": 61.613665559374496,
      "std_b": 61.613665559374496,
      "channel_variance": 5.5199227074664935e-30,
      "mean_intensity": 128.6784915212203,
      "std_intensity": 61.61366555937898,
      "min_intensity": 0.096,
      "max_intensity": 253.69133333333335,
      "dynamic_range": 253.59533333333334,
      "brightness": 128.6784915212203,
      "contrast": 61.61366555937898,
      "sharpness": 122.71757067655567,
      "edge_density": 0.026436998134252047,
      "hist_entropy": 5.194387912750244,
      "unique_values": 252.07333333333332
    },
    "std": {
      "width": 456.46988803401683,
      "height": 382.9039868082223,
      "aspect_ratio": 0.10744581710271947,
      "total_pixels": 886064.9641384355,
      "file_size_kb": 196.6161034246674,
      "mean_r": 20.9184923848807,
      "mean_g": 20.9184923848807,
      "mean_b": 20.9184923848807,
      "std_r": 9.50292287665951,
      "std_g": 9.50292287665951,
      "std_b": 9.50292287665951,
      "channel_variance": 3.293923641267828e-29,
      "mean_intensity": 20.9184923848807,
      "std_intensity": 9.502922876668277,
      "min_intensity": 0.8767153204825265,
      "max_intensity": 3.6841697789591192,
      "dynamic_range": 4.020076977060251,
      "brightness": 20.9184923848807,
      "contrast": 9.502922876668277,
      "sharpness": 97.35105628517424,
      "edge_density": 0.03553809471776434,
      "hist_entropy": 0.2027914971113205,
      "unique_values": 9.74169163575675
    },
    "min": {
      "width": 256.0,
      "height": 256.0,
      "aspect_ratio": 0.8911002628614345,
      "total_pixels": 65536.0,
      "file_size_kb": 10.6796875,
      "mean_r": 59.36188507080078,
      "mean_g": 59.36188507080078,
      "mean_b": 59.36188507080078,
      "std_r": 30.59354208604479,
      "std_g": 30.59354208604479,
      "std_b": 30.59354208604479,
      "channel_variance": 0.0,
      "mean_intensity": 59.36188507080078,
      "std_intensity": 30.59354208557972,
      "min_intensity": 0.0,
      "max_intensity": 211.0,
      "dynamic_range": 193.0,
      "brightness": 59.36188507080078,
      "contrast": 30.59354208557972,
      "sharpness": 13.50168778159059,
      "edge_density": 0.0007602950430923886,
      "hist_entropy": 3.277456521987915,
      "unique_values": 167.0
    },
    "max": {
      "width": 2566.0,
      "height": 2663.0,
      "aspect_ratio": 1.8727272727272728,
      "total_pixels": 6319299.0,
      "file_size_kb": 1823.9091796875,
      "mean_r": 189.60185718536377,
      "mean_g": 189.60185718536377,
      "mean_b": 189.60185718536377,
      "std_r": 91.8608819241103,
      "std_g": 91.8608819241103,
      "std_b": 91.8608819241103,
      "channel_variance": 2.0194839173657902e-28,
      "mean_intensity": 189.60185718536377,
      "std_intensity": 91.86088192441154,
      "min_intensity": 18.0,
      "max_intensity": 255.0,
      "dynamic_range": 255.0,
      "brightness": 189.60185718536377,
      "contrast": 91.86088192441154,
      "sharpness": 1015.8414908592167,
      "edge_density": 0.2188568115234375,
      "hist_entropy": 5.467506408691406,
      "unique_values": 256.0
    },
    "median": {
      "width": 1024.0,
      "height": 1024.0,
      "aspect_ratio": 1.0,
      "total_pixels": 1048576.0,
      "file_size_kb": 130.13232421875,
      "mean_r": 124.63905906677246,
      "mean_g": 124.63905906677246,
      "mean_b": 124.63905906677246,
      "std_r": 63.43189433118197,
      "std_g": 63.43189433118197,
      "std_b": 63.43189433118197,
      "channel_variance": 0.0,
      "mean_intensity": 124.63905906677246,
      "std_intensity": 63.431894331097254,
      "min_intensity": 0.0,
      "max_intensity": 255.0,
      "dynamic_range": 255.0,
      "brightness": 124.63905906677246,
      "contrast": 63.431894331097254,
      "sharpness": 84.14112480821255,
      "edge_density": 0.012769585617564274,
      "hist_entropy": 5.228837013244629,
      "unique_values": 256.0
    },
    "q25": {
      "width": 512.0,
      "height": 512.0,
      "aspect_ratio": 1.0,
      "total_pixels": 262144.0,
      "file_size_kb": 52.34423828125,
      "mean_r": 113.85928650257867,
      "mean_g": 113.85928650257867,
      "mean_b": 113.85928650257867,
      "std_r": 55.66381977628463,
      "std_g": 55.66381977628463,
      "std_b": 55.66381977628463,
      "channel_variance": 0.0,
      "mean_intensity": 113.85928650257867,
      "std_intensity": 55.663819775979974,
      "min_intensity": 0.0,
      "max_intensity": 254.0,
      "dynamic_range": 254.0,
      "brightness": 113.85928650257867,
      "contrast": 55.663819775979974,
      "sharpness": 58.19574623471635,
      "edge_density": 0.007817830086055244,
      "hist_entropy": 5.110425591468811,
      "unique_values": 253.0
    },
    "q75": {
      "width": 1024.0,
      "height": 1024.0,
      "aspect_ratio": 1.0,
      "total_pixels": 1048576.0,
      "file_size_kb": 176.988037109375,
      "mean_r": 140.94080543518066,
      "mean_g": 140.94080543518066,
      "mean_b": 140.94080543518066,
      "std_r": 68.55644723640376,
      "std_g": 68.55644723640376,
      "std_b": 68.55644723640376,
      "channel_variance": 0.0,
      "mean_intensity": 140.94080543518066,
      "std_intensity": 68.55644723675228,
      "min_intensity": 0.0,
      "max_intensity": 255.0,
      "dynamic_range": 255.0,
      "brightness": 140.94080543518066,
      "contrast": 68.55644723675228,
      "sharpness": 158.44018756063133,
      "edge_density": 0.03279876708984375,
      "hist_entropy": 5.33859121799469,
      "unique_values": 256.0
    },
    "uniform_images": 0,
    "grayscale_like_images": 1500
  },
  "pneumonia": {
    "count": 1500,
    "mean": {
      "width": 1318.2333333333333,
      "height": 954.908,
      "aspect_ratio": 1.453233057809055,
      "total_pixels": 1379296.4426666666,
      "file_size_kb": 217.965509765625,
      "mean_r": 122.56931234798623,
      "mean_g": 122.56931234798623,
      "mean_b": 122.56931234798623,
      "std_r": 57.11538362881997,
      "std_g": 57.11538362881997,
      "std_b": 57.11538362881997,
      "channel_variance": 3.153760717619576e-29,
      "mean_intensity": 122.56931234798623,
      "std_intensity": 57.11538362881665,
      "min_intensity": 0.25266666666666665,
      "max_intensity": 252.83666666666667,
      "dynamic_range": 252.584,
      "brightness": 122.56931234798623,
      "contrast": 57.11538362881665,
      "sharpness": 146.3081193859869,
      "edge_density": 0.010402951852102577,
      "hist_entropy": 5.049470901489258,
      "unique_values": 246.60466666666667
    },
    "std": {
      "width": 351.25156416701606,
      "height": 368.9806788486028,
      "aspect_ratio": 0.24834441002881574,
      "total_pixels": 913038.044061523,
      "file_size_kb": 221.63432999193483,
      "mean_r": 18.253657883061518,
      "mean_g": 18.253657883061518,
      "mean_b": 18.253657883061518,
      "std_r": 9.19936970633285,
      "std_g": 9.19936970633285,
      "std_b": 9.19936970633285,
      "channel_variance": 7.549380938090369e-29,
      "mean_intensity": 18.253657883061518,
      "std_intensity": 9.199369706329628,
      "min_intensity": 3.1160818666538077,
      "max_intensity": 10.397021412808309,
      "dynamic_range": 11.944680584379052,
      "brightness": 18.253657883061518,
      "contrast": 9.199369706329628,
      "sharpness": 108.88957119198147,
      "edge_density": 0.008188448508676434,
      "hist_entropy": 0.15531998872756958,
      "unique_values": 15.248892769947652
    },
    "min": {
      "width": 399.0,
      "height": 138.0,
      "aspect_ratio": 0.9045643153526971,