{
  "entropy_threshold": 0.8587551116943359,
  "confidence_threshold": 0.5011715292930603,
  "target_coverage": 0.85,
  "certain_accuracy": 0.7895473635090994
}